Origine;Composant;Version;Licence;Catégorie;Source
Serveur (Python);aiohappyeyeballs;2.7.1;PSF-2.0;permissive;https://github.com/aio-libs/aiohappyeyeballs/issues
Serveur (Python);aiohttp;3.14.3;Apache-2.0 AND MIT;permissive;https://github.com/aio-libs/aiohttp
Serveur (Python);aiosignal;1.4.0;Apache-2.0;permissive;https://github.com/aio-libs/aiosignal
Serveur (Python);asgiref;3.12.1;BSD;permissive;https://github.com/django/asgiref/
Serveur (Python);attrs;26.1.0;MIT;permissive;https://www.attrs.org/
Serveur (Python);cbor2;6.1.5;MIT;permissive;https://cbor2.readthedocs.io/en/latest/versionhistory.html
Serveur (Python);certifi;2026.7.22;MPL-2.0;faible;https://github.com/certifi/python-certifi
Serveur (Python);cffi;2.1.1;MIT-0;permissive;https://cffi.readthedocs.io/
Serveur (Python);charset-normalizer;3.5.1;MIT;permissive;https://github.com/jawah/charset_normalizer/blob/master/CHANGELOG.md
Serveur (Python);click;8.5.0;BSD-3-Clause;permissive;https://click.palletsprojects.com/page/changes/
Serveur (Python);cryptography;50.0.1;Apache-2.0 OR BSD-3-Clause;permissive;https://cryptography.io/en/latest/changelog/
Serveur (Python);Django;6.1.1;BSD-3-Clause;permissive;https://www.djangoproject.com/
Serveur (Python);django-stubs-ext;6.1.1;MIT;permissive;https://github.com/typeddjango/django-stubs
Serveur (Python);django-tasks-db;0.13.0;BSD-3-Clause;permissive;https://github.com/RealOrangeOne/django-tasks-db
Serveur (Python);djangorestframework;3.18.1;BSD-3-Clause;permissive;https://www.django-rest-framework.org/community/release-notes/
Serveur (Python);frozenlist;1.8.0;Apache-2.0;permissive;https://github.com/aio-libs/frozenlist
Serveur (Python);gunicorn;26.2.0;MIT;permissive;https://gunicorn.org
Serveur (Python);h11;0.16.0;MIT;permissive;https://github.com/python-hyper/h11
Serveur (Python);http_ece;1.2.1;MIT;permissive;https://github.com/martinthomson/encrypted-content-encoding
Serveur (Python);icalendar;7.3.0;BSD-2-Clause;permissive;https://icalendar.readthedocs.io/en/stable/
Serveur (Python);idna;3.20;BSD-3-Clause;permissive;https://github.com/kjd/idna/blob/master/HISTORY.md
Serveur (Python);multidict;6.9.1;Apache License 2.0;permissive;https://github.com/aio-libs/multidict
Serveur (Python);propcache;0.5.4;Apache-2.0;permissive;https://github.com/aio-libs/propcache
Serveur (Python);psycopg;3.3.6;LGPL-3.0-only;faible;https://psycopg.org/
Serveur (Python);psycopg-binary;3.3.6;LGPL-3.0-only;faible;https://psycopg.org/
Serveur (Python);py-vapid;1.9.4;MPL-2.0;faible;https://github.com/mozilla-services/vapid
Serveur (Python);pyasn1;0.6.4;BSD-2-Clause;permissive;https://github.com/pyasn1/pyasn1
Serveur (Python);pyasn1_modules;0.4.2;BSD;permissive;https://github.com/pyasn1/pyasn1-modules
Serveur (Python);pycparser;3.0;BSD-3-Clause;permissive;https://github.com/eliben/pycparser
Serveur (Python);pyOpenSSL;26.4.0;Apache-2.0;permissive;https://pyopenssl.org/
Serveur (Python);python-dateutil;2.9.0.post0;BSD OR Apache-2.0;permissive;https://github.com/dateutil/dateutil
Serveur (Python);python-dotenv;1.2.3;BSD-3-Clause;permissive;https://github.com/theskumar/python-dotenv
Serveur (Python);pywebpush;2.5.0;MPL-2.0;faible;https://github.com/web-push-libs/pywebpush
Serveur (Python);recurring-ical-events;3.8.2;LGPL-3.0-or-later;faible;https://recurring-ical-events.readthedocs.io/
Serveur (Python);requests;2.34.2;Apache-2.0;permissive;https://requests.readthedocs.io
Serveur (Python);sentry-sdk;2.71.0;MIT;permissive;https://github.com/getsentry/sentry-python
Serveur (Python);six;1.17.0;MIT;permissive;https://github.com/benjaminp/six
Serveur (Python);sqlparse;0.6.0;BSD;permissive;https://github.com/andialbrecht/sqlparse
Serveur (Python);typing_extensions;4.16.0;PSF-2.0;permissive;https://github.com/python/typing_extensions/issues
Serveur (Python);tzdata;2026.4;Apache-2.0;permissive;https://github.com/python/tzdata
Serveur (Python);urllib3;2.8.0;MIT;permissive;https://github.com/urllib3/urllib3/blob/main/CHANGES.rst
Serveur (Python);uvicorn;0.54.0;BSD-3-Clause;permissive;https://uvicorn.dev/release-notes
Serveur (Python);uvicorn-worker;0.4.0;BSD-3-Clause;permissive;https://github.com/Kludex/uvicorn-worker/releases
Serveur (Python);webauthn;3.0.1;BSD-3-Clause;permissive;https://github.com/duo-labs/py_webauthn
Serveur (Python);whitenoise;6.12.0;MIT;permissive;https://whitenoise.readthedocs.io/en/stable/changelog.html
Serveur (Python);x-wr-timezone;2.0.1;GNU Lesser General Public License v3 or later (LGPLv3+);faible;https://github.com/niccokunzmann/x-wr-timezone
Serveur (Python);yarl;1.25.1;Apache-2.0;permissive;https://github.com/aio-libs/yarl
Application web (livrée);@pdf-lib/standard-fonts;1.0.0;MIT;permissive;https://www.npmjs.com/package/@pdf-lib/standard-fonts
Application web (livrée);@pdf-lib/upng;1.0.1;MIT;permissive;https://www.npmjs.com/package/@pdf-lib/upng
Application web (livrée);@tanstack/history;1.162.0;MIT;permissive;https://www.npmjs.com/package/@tanstack/history
Application web (livrée);@tanstack/query-core;5.101.4;MIT;permissive;https://www.npmjs.com/package/@tanstack/query-core
Application web (livrée);@tanstack/react-query;5.101.4;MIT;permissive;https://www.npmjs.com/package/@tanstack/react-query
Application web (livrée);@tanstack/react-router;1.170.18;MIT;permissive;https://www.npmjs.com/package/@tanstack/react-router
Application web (livrée);@tanstack/react-start;1.168.32;MIT;permissive;https://www.npmjs.com/package/@tanstack/react-start
Application web (livrée);@tanstack/react-start-client;1.168.16;MIT;permissive;https://www.npmjs.com/package/@tanstack/react-start-client
Application web (livrée);@tanstack/react-store;0.9.3;MIT;permissive;https://www.npmjs.com/package/@tanstack/react-store
Application web (livrée);@tanstack/router-core;1.171.15;MIT;permissive;https://www.npmjs.com/package/@tanstack/router-core
Application web (livrée);@tanstack/start-client-core;1.170.14;MIT;permissive;https://www.npmjs.com/package/@tanstack/start-client-core
Application web (livrée);@tanstack/store;0.9.3;MIT;permissive;https://www.npmjs.com/package/@tanstack/store
Application web (livrée);clsx;2.1.1;MIT;permissive;https://www.npmjs.com/package/clsx
Application web (livrée);d3-array;3.2.4;ISC;permissive;https://www.npmjs.com/package/d3-array
Application web (livrée);d3-color;3.1.0;ISC;permissive;https://www.npmjs.com/package/d3-color
Application web (livrée);d3-format;3.1.2;ISC;permissive;https://www.npmjs.com/package/d3-format
Application web (livrée);d3-interpolate;3.0.1;ISC;permissive;https://www.npmjs.com/package/d3-interpolate
Application web (livrée);d3-path;3.1.0;ISC;permissive;https://www.npmjs.com/package/d3-path
Application web (livrée);d3-scale;4.0.2;ISC;permissive;https://www.npmjs.com/package/d3-scale
Application web (livrée);d3-shape;3.2.0;ISC;permissive;https://www.npmjs.com/package/d3-shape
Application web (livrée);d3-time;3.1.0;ISC;permissive;https://www.npmjs.com/package/d3-time
Application web (livrée);d3-time-format;4.1.0;ISC;permissive;https://www.npmjs.com/package/d3-time-format
Application web (livrée);decimal.js-light;2.5.1;MIT;permissive;https://www.npmjs.com/package/decimal.js-light
Application web (livrée);dijkstrajs;1.0.3;MIT;permissive;https://www.npmjs.com/package/dijkstrajs
Application web (livrée);eventemitter3;4.0.7;MIT;permissive;https://www.npmjs.com/package/eventemitter3
Application web (livrée);fast-equals;5.4.1;MIT;permissive;https://www.npmjs.com/package/fast-equals
Application web (livrée);internmap;2.0.3;ISC;permissive;https://www.npmjs.com/package/internmap
Application web (livrée);leaflet;1.9.4;BSD-2-Clause;permissive;https://www.npmjs.com/package/leaflet
Application web (livrée);lodash;4.18.1;MIT;permissive;https://www.npmjs.com/package/lodash
Application web (livrée);lucide-react;0.575.0;ISC;permissive;https://www.npmjs.com/package/lucide-react
Application web (livrée);pako;1.0.11;(MIT AND Zlib);permissive;https://www.npmjs.com/package/pako
Application web (livrée);pdf-lib;1.17.1;MIT;permissive;https://www.npmjs.com/package/pdf-lib
Application web (livrée);prop-types;15.8.1;MIT;permissive;https://www.npmjs.com/package/prop-types
Application web (livrée);qrcode;1.5.4;MIT;permissive;https://www.npmjs.com/package/qrcode
Application web (livrée);react;19.2.8;MIT;permissive;https://www.npmjs.com/package/react
Application web (livrée);react-dom;19.2.8;MIT;permissive;https://www.npmjs.com/package/react-dom
Application web (livrée);react-is;18.3.1;MIT;permissive;https://www.npmjs.com/package/react-is
Application web (livrée);react-smooth;4.0.4;MIT;permissive;https://www.npmjs.com/package/react-smooth
Application web (livrée);recharts;2.15.4;MIT;permissive;https://www.npmjs.com/package/recharts
Application web (livrée);recharts-scale;0.4.5;MIT;permissive;https://www.npmjs.com/package/recharts-scale
Application web (livrée);scheduler;0.27.0;MIT;permissive;https://www.npmjs.com/package/scheduler
Application web (livrée);seroval;1.6.8;MIT;permissive;https://www.npmjs.com/package/seroval
Application web (livrée);seroval-plugins;1.5.6;MIT;permissive;https://www.npmjs.com/package/seroval-plugins
Application web (livrée);sonner;2.0.7;MIT;permissive;https://www.npmjs.com/package/sonner
Application web (livrée);tiny-invariant;1.3.3;MIT;permissive;https://www.npmjs.com/package/tiny-invariant
Application web (livrée);tslib;2.8.1;0BSD;permissive;https://www.npmjs.com/package/tslib
Application web (livrée);use-sync-external-store;1.6.0;MIT;permissive;https://www.npmjs.com/package/use-sync-external-store
Application web (livrée);victory-vendor;36.9.2;MIT AND ISC;permissive;https://www.npmjs.com/package/victory-vendor
Application web (livrée);zod;3.25.76;MIT;permissive;https://www.npmjs.com/package/zod
Outil de construction;@babel/code-frame;7.27.1;MIT;permissive;https://www.npmjs.com/package/@babel/code-frame
Outil de construction;@babel/code-frame;7.29.7;MIT;permissive;https://www.npmjs.com/package/@babel/code-frame
Outil de construction;@babel/compat-data;7.29.7;MIT;permissive;https://www.npmjs.com/package/@babel/compat-data
Outil de construction;@babel/core;7.29.7;MIT;permissive;https://www.npmjs.com/package/@babel/core
Outil de construction;@babel/generator;7.29.7;MIT;permissive;https://www.npmjs.com/package/@babel/generator
Outil de construction;@babel/helper-compilation-targets;7.29.7;MIT;permissive;https://www.npmjs.com/package/@babel/helper-compilation-targets
Outil de construction;@babel/helper-globals;7.29.7;MIT;permissive;https://www.npmjs.com/package/@babel/helper-globals
Outil de construction;@babel/helper-module-imports;7.29.7;MIT;permissive;https://www.npmjs.com/package/@babel/helper-module-imports
Outil de construction;@babel/helper-module-transforms;7.29.7;MIT;permissive;https://www.npmjs.com/package/@babel/helper-module-transforms
Outil de construction;@babel/helper-plugin-utils;7.29.7;MIT;permissive;https://www.npmjs.com/package/@babel/helper-plugin-utils
Outil de construction;@babel/helper-string-parser;7.29.7;MIT;permissive;https://www.npmjs.com/package/@babel/helper-string-parser
Outil de construction;@babel/helper-validator-identifier;7.29.7;MIT;permissive;https://www.npmjs.com/package/@babel/helper-validator-identifier
Outil de construction;@babel/helper-validator-option;7.29.7;MIT;permissive;https://www.npmjs.com/package/@babel/helper-validator-option
Outil de construction;@babel/helpers;7.29.7;MIT;permissive;https://www.npmjs.com/package/@babel/helpers
Outil de construction;@babel/parser;7.29.7;MIT;permissive;https://www.npmjs.com/package/@babel/parser
Outil de construction;@babel/plugin-transform-react-jsx-self;7.29.7;MIT;permissive;https://www.npmjs.com/package/@babel/plugin-transform-react-jsx-self
Outil de construction;@babel/plugin-transform-react-jsx-source;7.29.7;MIT;permissive;https://www.npmjs.com/package/@babel/plugin-transform-react-jsx-source
Outil de construction;@babel/runtime;7.29.7;MIT;permissive;https://www.npmjs.com/package/@babel/runtime
Outil de construction;@babel/template;7.29.7;MIT;permissive;https://www.npmjs.com/package/@babel/template
Outil de construction;@babel/traverse;7.29.7;MIT;permissive;https://www.npmjs.com/package/@babel/traverse
Outil de construction;@babel/types;7.29.7;MIT;permissive;https://www.npmjs.com/package/@babel/types
Outil de construction;@date-fns/tz;1.5.0;MIT;permissive;https://www.npmjs.com/package/@date-fns/tz
Outil de construction;@emnapi/core;1.11.1;MIT;permissive;https://www.npmjs.com/package/@emnapi/core
Outil de construction;@emnapi/core;1.11.2;MIT;permissive;https://www.npmjs.com/package/@emnapi/core
Outil de construction;@emnapi/core;2.0.0-alpha.5;MIT;permissive;https://www.npmjs.com/package/@emnapi/core
Outil de construction;@emnapi/runtime;1.11.1;MIT;permissive;https://www.npmjs.com/package/@emnapi/runtime
Outil de construction;@emnapi/runtime;1.11.2;MIT;permissive;https://www.npmjs.com/package/@emnapi/runtime
Outil de construction;@emnapi/runtime;2.0.0-alpha.5;MIT;permissive;https://www.npmjs.com/package/@emnapi/runtime
Outil de construction;@emnapi/wasi-threads;1.2.2;MIT;permissive;https://www.npmjs.com/package/@emnapi/wasi-threads
Outil de construction;@emnapi/wasi-threads;2.1.0;MIT;permissive;https://www.npmjs.com/package/@emnapi/wasi-threads
Outil de construction;@eslint-community/eslint-utils;4.10.1;MIT;permissive;https://www.npmjs.com/package/@eslint-community/eslint-utils
Outil de construction;@eslint-community/regexpp;4.12.2;MIT;permissive;https://www.npmjs.com/package/@eslint-community/regexpp
Outil de construction;@eslint/config-array;0.21.2;Apache-2.0;permissive;https://www.npmjs.com/package/@eslint/config-array
Outil de construction;@eslint/config-helpers;0.4.2;Apache-2.0;permissive;https://www.npmjs.com/package/@eslint/config-helpers
Outil de construction;@eslint/core;0.17.0;Apache-2.0;permissive;https://www.npmjs.com/package/@eslint/core
Outil de construction;@eslint/eslintrc;3.3.6;MIT;permissive;https://www.npmjs.com/package/@eslint/eslintrc
Outil de construction;@eslint/js;9.39.5;MIT;permissive;https://www.npmjs.com/package/@eslint/js
Outil de construction;@eslint/object-schema;2.1.7;Apache-2.0;permissive;https://www.npmjs.com/package/@eslint/object-schema
Outil de construction;@eslint/plugin-kit;0.4.1;Apache-2.0;permissive;https://www.npmjs.com/package/@eslint/plugin-kit
Outil de construction;@floating-ui/core;1.8.0;MIT;permissive;https://www.npmjs.com/package/@floating-ui/core
Outil de construction;@floating-ui/dom;1.8.0;MIT;permissive;https://www.npmjs.com/package/@floating-ui/dom
Outil de construction;@floating-ui/react-dom;2.1.9;MIT;permissive;https://www.npmjs.com/package/@floating-ui/react-dom
Outil de construction;@floating-ui/utils;0.2.12;MIT;permissive;https://www.npmjs.com/package/@floating-ui/utils
Outil de construction;@hookform/resolvers;5.5.7;MIT;permissive;https://www.npmjs.com/package/@hookform/resolvers
Outil de construction;@humanfs/core;0.19.2;Apache-2.0;permissive;https://www.npmjs.com/package/@humanfs/core
Outil de construction;@humanfs/node;0.16.8;Apache-2.0;permissive;https://www.npmjs.com/package/@humanfs/node
Outil de construction;@humanfs/types;0.15.0;Apache-2.0;permissive;https://www.npmjs.com/package/@humanfs/types
Outil de construction;@humanwhocodes/module-importer;1.0.1;Apache-2.0;permissive;https://www.npmjs.com/package/@humanwhocodes/module-importer
Outil de construction;@humanwhocodes/retry;0.4.3;Apache-2.0;permissive;https://www.npmjs.com/package/@humanwhocodes/retry
Outil de construction;@jridgewell/gen-mapping;0.3.13;MIT;permissive;https://www.npmjs.com/package/@jridgewell/gen-mapping
Outil de construction;@jridgewell/remapping;2.3.5;MIT;permissive;https://www.npmjs.com/package/@jridgewell/remapping
Outil de construction;@jridgewell/resolve-uri;3.1.2;MIT;permissive;https://www.npmjs.com/package/@jridgewell/resolve-uri
Outil de construction;@jridgewell/sourcemap-codec;1.5.5;MIT;permissive;https://www.npmjs.com/package/@jridgewell/sourcemap-codec
Outil de construction;@jridgewell/trace-mapping;0.3.31;MIT;permissive;https://www.npmjs.com/package/@jridgewell/trace-mapping
Outil de construction;@napi-rs/wasm-runtime;1.1.4;MIT;permissive;https://www.npmjs.com/package/@napi-rs/wasm-runtime
Outil de construction;@napi-rs/wasm-runtime;1.2.0;MIT;permissive;https://www.npmjs.com/package/@napi-rs/wasm-runtime
Outil de construction;@oozcitak/dom;2.0.2;MIT;permissive;https://www.npmjs.com/package/@oozcitak/dom
Outil de construction;@oozcitak/infra;2.0.2;MIT;permissive;https://www.npmjs.com/package/@oozcitak/infra
Outil de construction;@oozcitak/url;3.0.0;MIT;permissive;https://www.npmjs.com/package/@oozcitak/url
Outil de construction;@oozcitak/util;10.0.0;MIT;permissive;https://www.npmjs.com/package/@oozcitak/util
Outil de construction;@oxc-project/types;0.139.0;MIT;permissive;https://www.npmjs.com/package/@oxc-project/types
Outil de construction;@oxc-project/types;0.140.0;MIT;permissive;https://www.npmjs.com/package/@oxc-project/types
Outil de construction;@pkgr/core;0.3.6;MIT;permissive;https://www.npmjs.com/package/@pkgr/core
Outil de construction;@radix-ui/number;1.1.3;MIT;permissive;https://www.npmjs.com/package/@radix-ui/number
Outil de construction;@radix-ui/primitive;1.1.7;MIT;permissive;https://www.npmjs.com/package/@radix-ui/primitive
Outil de construction;@radix-ui/react-accordion;1.2.20;MIT;permissive;https://www.npmjs.com/package/@radix-ui/react-accordion
Outil de construction;@radix-ui/react-alert-dialog;1.1.23;MIT;permissive;https://www.npmjs.com/package/@radix-ui/react-alert-dialog
Outil de construction;@radix-ui/react-arrow;1.1.15;MIT;permissive;https://www.npmjs.com/package/@radix-ui/react-arrow
Outil de construction;@radix-ui/react-aspect-ratio;1.1.15;MIT;permissive;https://www.npmjs.com/package/@radix-ui/react-aspect-ratio
Outil de construction;@radix-ui/react-avatar;1.2.6;MIT;permissive;https://www.npmjs.com/package/@radix-ui/react-avatar
Outil de construction;@radix-ui/react-checkbox;1.3.11;MIT;permissive;https://www.npmjs.com/package/@radix-ui/react-checkbox
Outil de construction;@radix-ui/react-collapsible;1.1.20;MIT;permissive;https://www.npmjs.com/package/@radix-ui/react-collapsible
Outil de construction;@radix-ui/react-collection;1.1.15;MIT;permissive;https://www.npmjs.com/package/@radix-ui/react-collection
Outil de construction;@radix-ui/react-compose-refs;1.1.5;MIT;permissive;https://www.npmjs.com/package/@radix-ui/react-compose-refs
Outil de construction;@radix-ui/react-context;1.2.2;MIT;permissive;https://www.npmjs.com/package/@radix-ui/react-context
Outil de construction;@radix-ui/react-context-menu;2.3.7;MIT;permissive;https://www.npmjs.com/package/@radix-ui/react-context-menu
Outil de construction;@radix-ui/react-dialog;1.1.23;MIT;permissive;https://www.npmjs.com/package/@radix-ui/react-dialog
Outil de construction;@radix-ui/react-direction;1.1.4;MIT;permissive;https://www.npmjs.com/package/@radix-ui/react-direction
Outil de construction;@radix-ui/react-dismissable-layer;1.1.19;MIT;permissive;https://www.npmjs.com/package/@radix-ui/react-dismissable-layer
Outil de construction;@radix-ui/react-dropdown-menu;2.1.24;MIT;permissive;https://www.npmjs.com/package/@radix-ui/react-dropdown-menu
Outil de construction;@radix-ui/react-focus-guards;1.1.6;MIT;permissive;https://www.npmjs.com/package/@radix-ui/react-focus-guards
Outil de construction;@radix-ui/react-focus-scope;1.1.16;MIT;permissive;https://www.npmjs.com/package/@radix-ui/react-focus-scope
Outil de construction;@radix-ui/react-hover-card;1.1.23;MIT;permissive;https://www.npmjs.com/package/@radix-ui/react-hover-card
Outil de construction;@radix-ui/react-id;1.1.4;MIT;permissive;https://www.npmjs.com/package/@radix-ui/react-id
Outil de construction;@radix-ui/react-label;2.1.15;MIT;permissive;https://www.npmjs.com/package/@radix-ui/react-label
Outil de construction;@radix-ui/react-menu;2.1.24;MIT;permissive;https://www.npmjs.com/package/@radix-ui/react-menu
Outil de construction;@radix-ui/react-menubar;1.1.24;MIT;permissive;https://www.npmjs.com/package/@radix-ui/react-menubar
Outil de construction;@radix-ui/react-navigation-menu;1.2.22;MIT;permissive;https://www.npmjs.com/package/@radix-ui/react-navigation-menu
Outil de construction;@radix-ui/react-popover;1.1.23;MIT;permissive;https://www.npmjs.com/package/@radix-ui/react-popover
Outil de construction;@radix-ui/react-popper;1.3.7;MIT;permissive;https://www.npmjs.com/package/@radix-ui/react-popper
Outil de construction;@radix-ui/react-portal;1.1.17;MIT;permissive;https://www.npmjs.com/package/@radix-ui/react-portal
Outil de construction;@radix-ui/react-presence;1.1.10;MIT;permissive;https://www.npmjs.com/package/@radix-ui/react-presence
Outil de construction;@radix-ui/react-primitive;2.1.10;MIT;permissive;https://www.npmjs.com/package/@radix-ui/react-primitive
Outil de construction;@radix-ui/react-progress;1.1.16;MIT;permissive;https://www.npmjs.com/package/@radix-ui/react-progress
Outil de construction;@radix-ui/react-radio-group;1.4.7;MIT;permissive;https://www.npmjs.com/package/@radix-ui/react-radio-group
Outil de construction;@radix-ui/react-roving-focus;1.1.19;MIT;permissive;https://www.npmjs.com/package/@radix-ui/react-roving-focus
Outil de construction;@radix-ui/react-scroll-area;1.2.18;MIT;permissive;https://www.npmjs.com/package/@radix-ui/react-scroll-area
Outil de construction;@radix-ui/react-select;2.3.7;MIT;permissive;https://www.npmjs.com/package/@radix-ui/react-select
Outil de construction;@radix-ui/react-separator;1.1.15;MIT;permissive;https://www.npmjs.com/package/@radix-ui/react-separator
Outil de construction;@radix-ui/react-slider;1.4.7;MIT;permissive;https://www.npmjs.com/package/@radix-ui/react-slider
Outil de construction;@radix-ui/react-slot;1.3.3;MIT;permissive;https://www.npmjs.com/package/@radix-ui/react-slot
Outil de construction;@radix-ui/react-switch;1.3.7;MIT;permissive;https://www.npmjs.com/package/@radix-ui/react-switch
Outil de construction;@radix-ui/react-tabs;1.1.21;MIT;permissive;https://www.npmjs.com/package/@radix-ui/react-tabs
Outil de construction;@radix-ui/react-toggle;1.1.18;MIT;permissive;https://www.npmjs.com/package/@radix-ui/react-toggle
Outil de construction;@radix-ui/react-toggle-group;1.1.19;MIT;permissive;https://www.npmjs.com/package/@radix-ui/react-toggle-group
Outil de construction;@radix-ui/react-tooltip;1.2.16;MIT;permissive;https://www.npmjs.com/package/@radix-ui/react-tooltip
Outil de construction;@radix-ui/react-use-callback-ref;1.1.4;MIT;permissive;https://www.npmjs.com/package/@radix-ui/react-use-callback-ref
Outil de construction;@radix-ui/react-use-controllable-state;1.2.6;MIT;permissive;https://www.npmjs.com/package/@radix-ui/react-use-controllable-state
Outil de construction;@radix-ui/react-use-effect-event;0.0.5;MIT;permissive;https://www.npmjs.com/package/@radix-ui/react-use-effect-event
Outil de construction;@radix-ui/react-use-is-hydrated;0.1.3;MIT;permissive;https://www.npmjs.com/package/@radix-ui/react-use-is-hydrated
Outil de construction;@radix-ui/react-use-layout-effect;1.1.4;MIT;permissive;https://www.npmjs.com/package/@radix-ui/react-use-layout-effect
Outil de construction;@radix-ui/react-use-previous;1.1.4;MIT;permissive;https://www.npmjs.com/package/@radix-ui/react-use-previous
Outil de construction;@radix-ui/react-use-rect;1.1.4;MIT;permissive;https://www.npmjs.com/package/@radix-ui/react-use-rect
Outil de construction;@radix-ui/react-use-size;1.1.4;MIT;permissive;https://www.npmjs.com/package/@radix-ui/react-use-size
Outil de construction;@radix-ui/react-visually-hidden;1.2.11;MIT;permissive;https://www.npmjs.com/package/@radix-ui/react-visually-hidden
Outil de construction;@radix-ui/rect;1.1.3;MIT;permissive;https://www.npmjs.com/package/@radix-ui/rect
Outil de construction;@rolldown/binding-android-arm64;1.1.5;MIT;permissive;https://www.npmjs.com/package/@rolldown/binding-android-arm64
Outil de construction;@rolldown/binding-android-arm64;1.2.0;MIT;permissive;https://www.npmjs.com/package/@rolldown/binding-android-arm64
Outil de construction;@rolldown/binding-darwin-arm64;1.1.5;MIT;permissive;https://www.npmjs.com/package/@rolldown/binding-darwin-arm64
Outil de construction;@rolldown/binding-darwin-arm64;1.2.0;MIT;permissive;https://www.npmjs.com/package/@rolldown/binding-darwin-arm64
Outil de construction;@rolldown/binding-darwin-x64;1.1.5;MIT;permissive;https://www.npmjs.com/package/@rolldown/binding-darwin-x64
Outil de construction;@rolldown/binding-darwin-x64;1.2.0;MIT;permissive;https://www.npmjs.com/package/@rolldown/binding-darwin-x64
Outil de construction;@rolldown/binding-freebsd-x64;1.1.5;MIT;permissive;https://www.npmjs.com/package/@rolldown/binding-freebsd-x64
Outil de construction;@rolldown/binding-freebsd-x64;1.2.0;MIT;permissive;https://www.npmjs.com/package/@rolldown/binding-freebsd-x64
Outil de construction;@rolldown/binding-linux-arm-gnueabihf;1.1.5;MIT;permissive;https://www.npmjs.com/package/@rolldown/binding-linux-arm-gnueabihf
Outil de construction;@rolldown/binding-linux-arm-gnueabihf;1.2.0;MIT;permissive;https://www.npmjs.com/package/@rolldown/binding-linux-arm-gnueabihf
Outil de construction;@rolldown/binding-linux-arm64-gnu;1.1.5;MIT;permissive;https://www.npmjs.com/package/@rolldown/binding-linux-arm64-gnu
Outil de construction;@rolldown/binding-linux-arm64-gnu;1.2.0;MIT;permissive;https://www.npmjs.com/package/@rolldown/binding-linux-arm64-gnu
Outil de construction;@rolldown/binding-linux-arm64-musl;1.1.5;MIT;permissive;https://www.npmjs.com/package/@rolldown/binding-linux-arm64-musl
Outil de construction;@rolldown/binding-linux-arm64-musl;1.2.0;MIT;permissive;https://www.npmjs.com/package/@rolldown/binding-linux-arm64-musl
Outil de construction;@rolldown/binding-linux-ppc64-gnu;1.1.5;MIT;permissive;https://www.npmjs.com/package/@rolldown/binding-linux-ppc64-gnu
Outil de construction;@rolldown/binding-linux-ppc64-gnu;1.2.0;MIT;permissive;https://www.npmjs.com/package/@rolldown/binding-linux-ppc64-gnu
Outil de construction;@rolldown/binding-linux-s390x-gnu;1.1.5;MIT;permissive;https://www.npmjs.com/package/@rolldown/binding-linux-s390x-gnu
Outil de construction;@rolldown/binding-linux-s390x-gnu;1.2.0;MIT;permissive;https://www.npmjs.com/package/@rolldown/binding-linux-s390x-gnu
Outil de construction;@rolldown/binding-linux-x64-gnu;1.1.5;MIT;permissive;https://www.npmjs.com/package/@rolldown/binding-linux-x64-gnu
Outil de construction;@rolldown/binding-linux-x64-gnu;1.2.0;MIT;permissive;https://www.npmjs.com/package/@rolldown/binding-linux-x64-gnu
Outil de construction;@rolldown/binding-linux-x64-musl;1.1.5;MIT;permissive;https://www.npmjs.com/package/@rolldown/binding-linux-x64-musl
Outil de construction;@rolldown/binding-linux-x64-musl;1.2.0;MIT;permissive;https://www.npmjs.com/package/@rolldown/binding-linux-x64-musl
Outil de construction;@rolldown/binding-openharmony-arm64;1.1.5;MIT;permissive;https://www.npmjs.com/package/@rolldown/binding-openharmony-arm64
Outil de construction;@rolldown/binding-openharmony-arm64;1.2.0;MIT;permissive;https://www.npmjs.com/package/@rolldown/binding-openharmony-arm64
Outil de construction;@rolldown/binding-wasm32-wasi;1.1.5;MIT;permissive;https://www.npmjs.com/package/@rolldown/binding-wasm32-wasi
Outil de construction;@rolldown/binding-wasm32-wasi;1.2.0;MIT;permissive;https://www.npmjs.com/package/@rolldown/binding-wasm32-wasi
Outil de construction;@rolldown/binding-win32-arm64-msvc;1.1.5;MIT;permissive;https://www.npmjs.com/package/@rolldown/binding-win32-arm64-msvc
Outil de construction;@rolldown/binding-win32-arm64-msvc;1.2.0;MIT;permissive;https://www.npmjs.com/package/@rolldown/binding-win32-arm64-msvc
Outil de construction;@rolldown/binding-win32-x64-msvc;1.1.5;MIT;permissive;https://www.npmjs.com/package/@rolldown/binding-win32-x64-msvc
Outil de construction;@rolldown/binding-win32-x64-msvc;1.2.0;MIT;permissive;https://www.npmjs.com/package/@rolldown/binding-win32-x64-msvc
Outil de construction;@rolldown/pluginutils;1.0.0-rc.3;MIT;permissive;https://www.npmjs.com/package/@rolldown/pluginutils
Outil de construction;@rolldown/pluginutils;1.0.1;MIT;permissive;https://www.npmjs.com/package/@rolldown/pluginutils
Outil de construction;@standard-schema/utils;0.3.0;MIT;permissive;https://www.npmjs.com/package/@standard-schema/utils
Outil de construction;@tabby_ai/hijri-converter;1.0.5;MIT;permissive;https://www.npmjs.com/package/@tabby_ai/hijri-converter
Outil de construction;@tailwindcss/node;4.3.3;MIT;permissive;https://www.npmjs.com/package/@tailwindcss/node
Outil de construction;@tailwindcss/oxide;4.3.3;MIT;permissive;https://www.npmjs.com/package/@tailwindcss/oxide
Outil de construction;@tailwindcss/oxide-android-arm64;4.3.3;MIT;permissive;https://www.npmjs.com/package/@tailwindcss/oxide-android-arm64
Outil de construction;@tailwindcss/oxide-darwin-arm64;4.3.3;MIT;permissive;https://www.npmjs.com/package/@tailwindcss/oxide-darwin-arm64
Outil de construction;@tailwindcss/oxide-darwin-x64;4.3.3;MIT;permissive;https://www.npmjs.com/package/@tailwindcss/oxide-darwin-x64
Outil de construction;@tailwindcss/oxide-freebsd-x64;4.3.3;MIT;permissive;https://www.npmjs.com/package/@tailwindcss/oxide-freebsd-x64
Outil de construction;@tailwindcss/oxide-linux-arm-gnueabihf;4.3.3;MIT;permissive;https://www.npmjs.com/package/@tailwindcss/oxide-linux-arm-gnueabihf
Outil de construction;@tailwindcss/oxide-linux-arm64-gnu;4.3.3;MIT;permissive;https://www.npmjs.com/package/@tailwindcss/oxide-linux-arm64-gnu
Outil de construction;@tailwindcss/oxide-linux-arm64-musl;4.3.3;MIT;permissive;https://www.npmjs.com/package/@tailwindcss/oxide-linux-arm64-musl
Outil de construction;@tailwindcss/oxide-linux-x64-gnu;4.3.3;MIT;permissive;https://www.npmjs.com/package/@tailwindcss/oxide-linux-x64-gnu
Outil de construction;@tailwindcss/oxide-linux-x64-musl;4.3.3;MIT;permissive;https://www.npmjs.com/package/@tailwindcss/oxide-linux-x64-musl
Outil de construction;@tailwindcss/oxide-wasm32-wasi;4.3.3;MIT;permissive;https://www.npmjs.com/package/@tailwindcss/oxide-wasm32-wasi
Outil de construction;@tailwindcss/oxide-win32-arm64-msvc;4.3.3;MIT;permissive;https://www.npmjs.com/package/@tailwindcss/oxide-win32-arm64-msvc
Outil de construction;@tailwindcss/oxide-win32-x64-msvc;4.3.3;MIT;permissive;https://www.npmjs.com/package/@tailwindcss/oxide-win32-x64-msvc
Outil de construction;@tailwindcss/vite;4.3.3;MIT;permissive;https://www.npmjs.com/package/@tailwindcss/vite
Outil de construction;@tanstack/react-start-rsc;0.1.31;MIT;permissive;https://www.npmjs.com/package/@tanstack/react-start-rsc
Outil de construction;@tanstack/react-start-server;1.167.22;MIT;permissive;https://www.npmjs.com/package/@tanstack/react-start-server
Outil de construction;@tanstack/router-generator;1.167.21;MIT;permissive;https://www.npmjs.com/package/@tanstack/router-generator
Outil de construction;@tanstack/router-plugin;1.168.23;MIT;permissive;https://www.npmjs.com/package/@tanstack/router-plugin
Outil de construction;@tanstack/router-utils;1.162.2;MIT;permissive;https://www.npmjs.com/package/@tanstack/router-utils
Outil de construction;@tanstack/start-fn-stubs;1.162.0;MIT;permissive;https://www.npmjs.com/package/@tanstack/start-fn-stubs
Outil de construction;@tanstack/start-plugin-core;1.171.24;MIT;permissive;https://www.npmjs.com/package/@tanstack/start-plugin-core
Outil de construction;@tanstack/start-server-core;1.169.17;MIT;permissive;https://www.npmjs.com/package/@tanstack/start-server-core
Outil de construction;@tanstack/start-storage-context;1.167.17;MIT;permissive;https://www.npmjs.com/package/@tanstack/start-storage-context
Outil de construction;@tanstack/virtual-file-routes;1.162.0;MIT;permissive;https://www.npmjs.com/package/@tanstack/virtual-file-routes
Outil de construction;@tybys/wasm-util;0.10.2;MIT;permissive;https://www.npmjs.com/package/@tybys/wasm-util
Outil de construction;@tybys/wasm-util;0.10.3;MIT;permissive;https://www.npmjs.com/package/@tybys/wasm-util
Outil de construction;@types/babel__core;7.20.5;MIT;permissive;https://www.npmjs.com/package/@types/babel__core
Outil de construction;@types/babel__generator;7.27.0;MIT;permissive;https://www.npmjs.com/package/@types/babel__generator
Outil de construction;@types/babel__template;7.4.4;MIT;permissive;https://www.npmjs.com/package/@types/babel__template
Outil de construction;@types/babel__traverse;7.28.0;MIT;permissive;https://www.npmjs.com/package/@types/babel__traverse
Outil de construction;@types/d3-array;3.2.2;MIT;permissive;https://www.npmjs.com/package/@types/d3-array
Outil de construction;@types/d3-color;3.1.3;MIT;permissive;https://www.npmjs.com/package/@types/d3-color
Outil de construction;@types/d3-ease;3.0.2;MIT;permissive;https://www.npmjs.com/package/@types/d3-ease
Outil de construction;@types/d3-interpolate;3.0.4;MIT;permissive;https://www.npmjs.com/package/@types/d3-interpolate
Outil de construction;@types/d3-path;3.1.1;MIT;permissive;https://www.npmjs.com/package/@types/d3-path
Outil de construction;@types/d3-scale;4.0.9;MIT;permissive;https://www.npmjs.com/package/@types/d3-scale
Outil de construction;@types/d3-shape;3.1.8;MIT;permissive;https://www.npmjs.com/package/@types/d3-shape
Outil de construction;@types/d3-time;3.0.4;MIT;permissive;https://www.npmjs.com/package/@types/d3-time
Outil de construction;@types/d3-timer;3.0.2;MIT;permissive;https://www.npmjs.com/package/@types/d3-timer
Outil de construction;@types/estree;1.0.9;MIT;permissive;https://www.npmjs.com/package/@types/estree
Outil de construction;@types/geojson;7946.0.16;MIT;permissive;https://www.npmjs.com/package/@types/geojson
Outil de construction;@types/json-schema;7.0.15;MIT;permissive;https://www.npmjs.com/package/@types/json-schema
Outil de construction;@types/leaflet;1.9.22;MIT;permissive;https://www.npmjs.com/package/@types/leaflet
Outil de construction;@types/node;22.20.1;MIT;permissive;https://www.npmjs.com/package/@types/node
Outil de construction;@types/qrcode;1.5.6;MIT;permissive;https://www.npmjs.com/package/@types/qrcode
Outil de construction;@types/react;19.2.17;MIT;permissive;https://www.npmjs.com/package/@types/react
Outil de construction;@types/react-dom;19.2.3;MIT;permissive;https://www.npmjs.com/package/@types/react-dom
Outil de construction;@typescript-eslint/eslint-plugin;8.65.0;MIT;permissive;https://www.npmjs.com/package/@typescript-eslint/eslint-plugin
Outil de construction;@typescript-eslint/parser;8.65.0;MIT;permissive;https://www.npmjs.com/package/@typescript-eslint/parser
Outil de construction;@typescript-eslint/project-service;8.65.0;MIT;permissive;https://www.npmjs.com/package/@typescript-eslint/project-service
Outil de construction;@typescript-eslint/scope-manager;8.65.0;MIT;permissive;https://www.npmjs.com/package/@typescript-eslint/scope-manager
Outil de construction;@typescript-eslint/tsconfig-utils;8.65.0;MIT;permissive;https://www.npmjs.com/package/@typescript-eslint/tsconfig-utils
Outil de construction;@typescript-eslint/type-utils;8.65.0;MIT;permissive;https://www.npmjs.com/package/@typescript-eslint/type-utils
Outil de construction;@typescript-eslint/types;8.65.0;MIT;permissive;https://www.npmjs.com/package/@typescript-eslint/types
Outil de construction;@typescript-eslint/typescript-estree;8.65.0;MIT;permissive;https://www.npmjs.com/package/@typescript-eslint/typescript-estree
Outil de construction;@typescript-eslint/utils;8.65.0;MIT;permissive;https://www.npmjs.com/package/@typescript-eslint/utils
Outil de construction;@typescript-eslint/visitor-keys;8.65.0;MIT;permissive;https://www.npmjs.com/package/@typescript-eslint/visitor-keys
Outil de construction;@vitejs/plugin-react;5.2.0;MIT;permissive;https://www.npmjs.com/package/@vitejs/plugin-react
Outil de construction;acorn;8.18.0;MIT;permissive;https://www.npmjs.com/package/acorn
Outil de construction;acorn-jsx;5.3.2;MIT;permissive;https://www.npmjs.com/package/acorn-jsx
Outil de construction;ajv;6.15.0;MIT;permissive;https://www.npmjs.com/package/ajv
Outil de construction;ajv;8.20.0;MIT;permissive;https://www.npmjs.com/package/ajv
Outil de construction;ansi-regex;5.0.1;MIT;permissive;https://www.npmjs.com/package/ansi-regex
Outil de construction;ansi-styles;4.3.0;MIT;permissive;https://www.npmjs.com/package/ansi-styles
Outil de construction;ansis;4.3.1;ISC;permissive;https://www.npmjs.com/package/ansis
Outil de construction;argparse;2.0.1;Python-2.0;permissive;https://www.npmjs.com/package/argparse
Outil de construction;aria-hidden;1.2.6;MIT;permissive;https://www.npmjs.com/package/aria-hidden
Outil de construction;babel-dead-code-elimination;1.0.12;MIT;permissive;https://www.npmjs.com/package/babel-dead-code-elimination
Outil de construction;balanced-match;1.0.2;MIT;permissive;https://www.npmjs.com/package/balanced-match
Outil de construction;balanced-match;4.0.4;MIT;permissive;https://www.npmjs.com/package/balanced-match
Outil de construction;baseline-browser-mapping;2.11.5;Apache-2.0;permissive;https://www.npmjs.com/package/baseline-browser-mapping
Outil de construction;brace-expansion;1.1.21;MIT;permissive;https://www.npmjs.com/package/brace-expansion
Outil de construction;brace-expansion;5.0.12;MIT;permissive;https://www.npmjs.com/package/brace-expansion
Outil de construction;browserslist;4.28.7;MIT;permissive;https://www.npmjs.com/package/browserslist
Outil de construction;callsites;3.1.0;MIT;permissive;https://www.npmjs.com/package/callsites
Outil de construction;camelcase;5.3.1;MIT;permissive;https://www.npmjs.com/package/camelcase
Outil de construction;caniuse-lite;1.0.30001806;CC-BY-4.0;permissive;https://www.npmjs.com/package/caniuse-lite
Outil de construction;chalk;4.1.2;MIT;permissive;https://www.npmjs.com/package/chalk
Outil de construction;chokidar;5.0.0;MIT;permissive;https://www.npmjs.com/package/chokidar
Outil de construction;class-variance-authority;0.7.1;Apache-2.0;permissive;https://www.npmjs.com/package/class-variance-authority
Outil de construction;cliui;6.0.0;ISC;permissive;https://www.npmjs.com/package/cliui
Outil de construction;cmdk;1.1.1;MIT;permissive;https://www.npmjs.com/package/cmdk
Outil de construction;color-convert;2.0.1;MIT;permissive;https://www.npmjs.com/package/color-convert
Outil de construction;color-name;1.1.4;MIT;permissive;https://www.npmjs.com/package/color-name
Outil de construction;concat-map;0.0.1;MIT;permissive;https://www.npmjs.com/package/concat-map
Outil de construction;convert-source-map;2.0.0;MIT;permissive;https://www.npmjs.com/package/convert-source-map
Outil de construction;cookie-es;3.1.1;MIT;permissive;https://www.npmjs.com/package/cookie-es
Outil de construction;cross-spawn;7.0.6;MIT;permissive;https://www.npmjs.com/package/cross-spawn
Outil de construction;crossws;0.4.10;MIT;permissive;https://www.npmjs.com/package/crossws
Outil de construction;csstype;3.2.3;MIT;permissive;https://www.npmjs.com/package/csstype
Outil de construction;d3-ease;3.0.1;BSD-3-Clause;permissive;https://www.npmjs.com/package/d3-ease
Outil de construction;d3-timer;3.0.1;ISC;permissive;https://www.npmjs.com/package/d3-timer
Outil de construction;date-fns;4.4.0;MIT;permissive;https://www.npmjs.com/package/date-fns
Outil de construction;date-fns-jalali;4.1.0-0;MIT;permissive;https://www.npmjs.com/package/date-fns-jalali
Outil de construction;debug;4.4.3;MIT;permissive;https://www.npmjs.com/package/debug
Outil de construction;decamelize;1.2.0;MIT;permissive;https://www.npmjs.com/package/decamelize
Outil de construction;deep-is;0.1.4;MIT;permissive;https://www.npmjs.com/package/deep-is
Outil de construction;detect-libc;2.1.2;Apache-2.0;permissive;https://www.npmjs.com/package/detect-libc
Outil de construction;detect-node-es;1.1.0;MIT;permissive;https://www.npmjs.com/package/detect-node-es
Outil de construction;diff;8.0.4;BSD-3-Clause;permissive;https://www.npmjs.com/package/diff
Outil de construction;dom-helpers;5.2.1;MIT;permissive;https://www.npmjs.com/package/dom-helpers
Outil de construction;electron-to-chromium;1.5.397;ISC;permissive;https://www.npmjs.com/package/electron-to-chromium
Outil de construction;embla-carousel;8.6.0;MIT;permissive;https://www.npmjs.com/package/embla-carousel
Outil de construction;embla-carousel-react;8.6.0;MIT;permissive;https://www.npmjs.com/package/embla-carousel-react
Outil de construction;embla-carousel-reactive-utils;8.6.0;MIT;permissive;https://www.npmjs.com/package/embla-carousel-reactive-utils
Outil de construction;emoji-regex;8.0.0;MIT;permissive;https://www.npmjs.com/package/emoji-regex
Outil de construction;enhanced-resolve;5.24.3;MIT;permissive;https://www.npmjs.com/package/enhanced-resolve
Outil de construction;escalade;3.2.0;MIT;permissive;https://www.npmjs.com/package/escalade
Outil de construction;escape-string-regexp;4.0.0;MIT;permissive;https://www.npmjs.com/package/escape-string-regexp
Outil de construction;eslint;9.39.5;MIT;permissive;https://www.npmjs.com/package/eslint
Outil de construction;eslint-config-prettier;10.1.8;MIT;permissive;https://www.npmjs.com/package/eslint-config-prettier
Outil de construction;eslint-plugin-prettier;5.5.6;MIT;permissive;https://www.npmjs.com/package/eslint-plugin-prettier
Outil de construction;eslint-plugin-react-hooks;5.2.0;MIT;permissive;https://www.npmjs.com/package/eslint-plugin-react-hooks
Outil de construction;eslint-plugin-react-refresh;0.4.26;MIT;permissive;https://www.npmjs.com/package/eslint-plugin-react-refresh
Outil de construction;eslint-scope;8.4.0;BSD-2-Clause;permissive;https://www.npmjs.com/package/eslint-scope
Outil de construction;eslint-visitor-keys;3.4.3;Apache-2.0;permissive;https://www.npmjs.com/package/eslint-visitor-keys
Outil de construction;eslint-visitor-keys;4.2.1;Apache-2.0;permissive;https://www.npmjs.com/package/eslint-visitor-keys
Outil de construction;eslint-visitor-keys;5.0.1;Apache-2.0;permissive;https://www.npmjs.com/package/eslint-visitor-keys
Outil de construction;espree;10.4.0;BSD-2-Clause;permissive;https://www.npmjs.com/package/espree
Outil de construction;esquery;1.7.0;BSD-3-Clause;permissive;https://www.npmjs.com/package/esquery
Outil de construction;esrecurse;4.3.0;BSD-2-Clause;permissive;https://www.npmjs.com/package/esrecurse
Outil de construction;estraverse;5.3.0;BSD-2-Clause;permissive;https://www.npmjs.com/package/estraverse
Outil de construction;esutils;2.0.3;BSD-2-Clause;permissive;https://www.npmjs.com/package/esutils
Outil de construction;exsolve;1.1.1;MIT;permissive;https://www.npmjs.com/package/exsolve
Outil de construction;fast-deep-equal;3.1.3;MIT;permissive;https://www.npmjs.com/package/fast-deep-equal
Outil de construction;fast-diff;1.3.0;Apache-2.0;permissive;https://www.npmjs.com/package/fast-diff
Outil de construction;fast-json-stable-stringify;2.1.0;MIT;permissive;https://www.npmjs.com/package/fast-json-stable-stringify
Outil de construction;fast-levenshtein;2.0.6;MIT;permissive;https://www.npmjs.com/package/fast-levenshtein
Outil de construction;fast-uri;3.1.8;BSD-3-Clause;permissive;https://www.npmjs.com/package/fast-uri
Outil de construction;fdir;6.5.0;MIT;permissive;https://www.npmjs.com/package/fdir
Outil de construction;fetchdts;0.1.7;MIT;permissive;https://www.npmjs.com/package/fetchdts
Outil de construction;file-entry-cache;8.0.0;MIT;permissive;https://www.npmjs.com/package/file-entry-cache
Outil de construction;find-up;4.1.0;MIT;permissive;https://www.npmjs.com/package/find-up
Outil de construction;find-up;5.0.0;MIT;permissive;https://www.npmjs.com/package/find-up
Outil de construction;flat-cache;4.0.1;MIT;permissive;https://www.npmjs.com/package/flat-cache
Outil de construction;flatted;3.4.3;ISC;permissive;https://www.npmjs.com/package/flatted
Outil de construction;fsevents;2.3.3;MIT;permissive;https://www.npmjs.com/package/fsevents
Outil de construction;gensync;1.0.0-beta.2;MIT;permissive;https://www.npmjs.com/package/gensync
Outil de construction;get-caller-file;2.0.5;ISC;permissive;https://www.npmjs.com/package/get-caller-file
Outil de construction;get-nonce;1.0.1;MIT;permissive;https://www.npmjs.com/package/get-nonce
Outil de construction;glob-parent;6.0.2;ISC;permissive;https://www.npmjs.com/package/glob-parent
Outil de construction;globals;14.0.0;MIT;permissive;https://www.npmjs.com/package/globals
Outil de construction;globals;15.15.0;MIT;permissive;https://www.npmjs.com/package/globals
Outil de construction;globrex;0.1.2;MIT;permissive;https://www.npmjs.com/package/globrex
Outil de construction;graceful-fs;4.2.11;ISC;permissive;https://www.npmjs.com/package/graceful-fs
Outil de construction;h3;2.0.1-rc.20;MIT;permissive;https://www.npmjs.com/package/h3
Outil de construction;has-flag;4.0.0;MIT;permissive;https://www.npmjs.com/package/has-flag
Outil de construction;ignore;5.3.2;MIT;permissive;https://www.npmjs.com/package/ignore
Outil de construction;ignore;7.0.6;MIT;permissive;https://www.npmjs.com/package/ignore
Outil de construction;import-fresh;3.3.1;MIT;permissive;https://www.npmjs.com/package/import-fresh
Outil de construction;imurmurhash;0.1.4;MIT;permissive;https://www.npmjs.com/package/imurmurhash
Outil de construction;input-otp;1.4.2;MIT;permissive;https://www.npmjs.com/package/input-otp
Outil de construction;is-extglob;2.1.1;MIT;permissive;https://www.npmjs.com/package/is-extglob
Outil de construction;is-fullwidth-code-point;3.0.0;MIT;permissive;https://www.npmjs.com/package/is-fullwidth-code-point
Outil de construction;is-glob;4.0.3;MIT;permissive;https://www.npmjs.com/package/is-glob
Outil de construction;isbot;5.2.1;Unlicense;permissive;https://www.npmjs.com/package/isbot
Outil de construction;isexe;2.0.0;ISC;permissive;https://www.npmjs.com/package/isexe
Outil de construction;jiti;2.7.0;MIT;permissive;https://www.npmjs.com/package/jiti
Outil de construction;js-tokens;4.0.0;MIT;permissive;https://www.npmjs.com/package/js-tokens
Outil de construction;js-yaml;4.3.2;MIT;permissive;https://www.npmjs.com/package/js-yaml
Outil de construction;jsesc;3.1.0;MIT;permissive;https://www.npmjs.com/package/jsesc
Outil de construction;json-buffer;3.0.1;MIT;permissive;https://www.npmjs.com/package/json-buffer
Outil de construction;json-schema-traverse;0.4.1;MIT;permissive;https://www.npmjs.com/package/json-schema-traverse
Outil de construction;json-schema-traverse;1.0.0;MIT;permissive;https://www.npmjs.com/package/json-schema-traverse
Outil de construction;json-stable-stringify-without-jsonify;1.0.1;MIT;permissive;https://www.npmjs.com/package/json-stable-stringify-without-jsonify
Outil de construction;json5;2.2.3;MIT;permissive;https://www.npmjs.com/package/json5
Outil de construction;keyv;4.5.4;MIT;permissive;https://www.npmjs.com/package/keyv
Outil de construction;levn;0.4.1;MIT;permissive;https://www.npmjs.com/package/levn
Outil de construction;lightningcss;1.32.0;MPL-2.0;faible;https://www.npmjs.com/package/lightningcss
Outil de construction;lightningcss;1.33.0;MPL-2.0;faible;https://www.npmjs.com/package/lightningcss
Outil de construction;lightningcss-android-arm64;1.32.0;MPL-2.0;faible;https://www.npmjs.com/package/lightningcss-android-arm64
Outil de construction;lightningcss-android-arm64;1.33.0;MPL-2.0;faible;https://www.npmjs.com/package/lightningcss-android-arm64
Outil de construction;lightningcss-darwin-arm64;1.32.0;MPL-2.0;faible;https://www.npmjs.com/package/lightningcss-darwin-arm64
Outil de construction;lightningcss-darwin-arm64;1.33.0;MPL-2.0;faible;https://www.npmjs.com/package/lightningcss-darwin-arm64
Outil de construction;lightningcss-darwin-x64;1.32.0;MPL-2.0;faible;https://www.npmjs.com/package/lightningcss-darwin-x64
Outil de construction;lightningcss-darwin-x64;1.33.0;MPL-2.0;faible;https://www.npmjs.com/package/lightningcss-darwin-x64
Outil de construction;lightningcss-freebsd-x64;1.32.0;MPL-2.0;faible;https://www.npmjs.com/package/lightningcss-freebsd-x64
Outil de construction;lightningcss-freebsd-x64;1.33.0;MPL-2.0;faible;https://www.npmjs.com/package/lightningcss-freebsd-x64
Outil de construction;lightningcss-linux-arm-gnueabihf;1.32.0;MPL-2.0;faible;https://www.npmjs.com/package/lightningcss-linux-arm-gnueabihf
Outil de construction;lightningcss-linux-arm-gnueabihf;1.33.0;MPL-2.0;faible;https://www.npmjs.com/package/lightningcss-linux-arm-gnueabihf
Outil de construction;lightningcss-linux-arm64-gnu;1.32.0;MPL-2.0;faible;https://www.npmjs.com/package/lightningcss-linux-arm64-gnu
Outil de construction;lightningcss-linux-arm64-gnu;1.33.0;MPL-2.0;faible;https://www.npmjs.com/package/lightningcss-linux-arm64-gnu
Outil de construction;lightningcss-linux-arm64-musl;1.32.0;MPL-2.0;faible;https://www.npmjs.com/package/lightningcss-linux-arm64-musl
Outil de construction;lightningcss-linux-arm64-musl;1.33.0;MPL-2.0;faible;https://www.npmjs.com/package/lightningcss-linux-arm64-musl
Outil de construction;lightningcss-linux-x64-gnu;1.32.0;MPL-2.0;faible;https://www.npmjs.com/package/lightningcss-linux-x64-gnu
Outil de construction;lightningcss-linux-x64-gnu;1.33.0;MPL-2.0;faible;https://www.npmjs.com/package/lightningcss-linux-x64-gnu
Outil de construction;lightningcss-linux-x64-musl;1.32.0;MPL-2.0;faible;https://www.npmjs.com/package/lightningcss-linux-x64-musl
Outil de construction;lightningcss-linux-x64-musl;1.33.0;MPL-2.0;faible;https://www.npmjs.com/package/lightningcss-linux-x64-musl
Outil de construction;lightningcss-win32-arm64-msvc;1.32.0;MPL-2.0;faible;https://www.npmjs.com/package/lightningcss-win32-arm64-msvc
Outil de construction;lightningcss-win32-arm64-msvc;1.33.0;MPL-2.0;faible;https://www.npmjs.com/package/lightningcss-win32-arm64-msvc
Outil de construction;lightningcss-win32-x64-msvc;1.32.0;MPL-2.0;faible;https://www.npmjs.com/package/lightningcss-win32-x64-msvc
Outil de construction;lightningcss-win32-x64-msvc;1.33.0;MPL-2.0;faible;https://www.npmjs.com/package/lightningcss-win32-x64-msvc
Outil de construction;locate-path;5.0.0;MIT;permissive;https://www.npmjs.com/package/locate-path
Outil de construction;locate-path;6.0.0;MIT;permissive;https://www.npmjs.com/package/locate-path
Outil de construction;lodash.merge;4.6.2;MIT;permissive;https://www.npmjs.com/package/lodash.merge
Outil de construction;loose-envify;1.4.0;MIT;permissive;https://www.npmjs.com/package/loose-envify
Outil de construction;lru-cache;5.1.1;ISC;permissive;https://www.npmjs.com/package/lru-cache
Outil de construction;magic-string;0.30.21;MIT;permissive;https://www.npmjs.com/package/magic-string
Outil de construction;minimatch;10.2.6;BlueOak-1.0.0;permissive;https://www.npmjs.com/package/minimatch
Outil de construction;minimatch;3.1.5;ISC;permissive;https://www.npmjs.com/package/minimatch
Outil de construction;ms;2.1.3;MIT;permissive;https://www.npmjs.com/package/ms
Outil de construction;nanoid;3.3.19;MIT;permissive;https://www.npmjs.com/package/nanoid
Outil de construction;natural-compare;1.4.0;MIT;permissive;https://www.npmjs.com/package/natural-compare
Outil de construction;node-releases;2.0.51;MIT;permissive;https://www.npmjs.com/package/node-releases
Outil de construction;object-assign;4.1.1;MIT;permissive;https://www.npmjs.com/package/object-assign
Outil de construction;optionator;0.9.4;MIT;permissive;https://www.npmjs.com/package/optionator
Outil de construction;p-limit;2.3.0;MIT;permissive;https://www.npmjs.com/package/p-limit
Outil de construction;p-limit;3.1.0;MIT;permissive;https://www.npmjs.com/package/p-limit
Outil de construction;p-locate;4.1.0;MIT;permissive;https://www.npmjs.com/package/p-locate
Outil de construction;p-locate;5.0.0;MIT;permissive;https://www.npmjs.com/package/p-locate
Outil de construction;p-try;2.2.0;MIT;permissive;https://www.npmjs.com/package/p-try
Outil de construction;parent-module;1.0.1;MIT;permissive;https://www.npmjs.com/package/parent-module
Outil de construction;path-exists;4.0.0;MIT;permissive;https://www.npmjs.com/package/path-exists
Outil de construction;path-key;3.1.1;MIT;permissive;https://www.npmjs.com/package/path-key
Outil de construction;pathe;2.0.3;MIT;permissive;https://www.npmjs.com/package/pathe
Outil de construction;picocolors;1.1.1;ISC;permissive;https://www.npmjs.com/package/picocolors
Outil de construction;picomatch;4.0.5;MIT;permissive;https://www.npmjs.com/package/picomatch
Outil de construction;pngjs;5.0.0;MIT;permissive;https://www.npmjs.com/package/pngjs
Outil de construction;postcss;8.5.24;MIT;permissive;https://www.npmjs.com/package/postcss
Outil de construction;prelude-ls;1.2.1;MIT;permissive;https://www.npmjs.com/package/prelude-ls
Outil de construction;prettier;3.9.6;MIT;permissive;https://www.npmjs.com/package/prettier
Outil de construction;prettier-linter-helpers;1.0.1;MIT;permissive;https://www.npmjs.com/package/prettier-linter-helpers
Outil de construction;punycode;2.3.1;MIT;permissive;https://www.npmjs.com/package/punycode
Outil de construction;react-day-picker;9.14.0;MIT;permissive;https://www.npmjs.com/package/react-day-picker
Outil de construction;react-hook-form;7.83.0;MIT;permissive;https://www.npmjs.com/package/react-hook-form
Outil de construction;react-is;16.13.1;MIT;permissive;https://www.npmjs.com/package/react-is
Outil de construction;react-refresh;0.18.0;MIT;permissive;https://www.npmjs.com/package/react-refresh
Outil de construction;react-remove-scroll;2.7.2;MIT;permissive;https://www.npmjs.com/package/react-remove-scroll
Outil de construction;react-remove-scroll-bar;2.3.8;MIT;permissive;https://www.npmjs.com/package/react-remove-scroll-bar
Outil de construction;react-resizable-panels;4.12.2;MIT;permissive;https://www.npmjs.com/package/react-resizable-panels
Outil de construction;react-style-singleton;2.2.3;MIT;permissive;https://www.npmjs.com/package/react-style-singleton
Outil de construction;react-transition-group;4.4.5;BSD-3-Clause;permissive;https://www.npmjs.com/package/react-transition-group
Outil de construction;readdirp;5.0.0;MIT;permissive;https://www.npmjs.com/package/readdirp
Outil de construction;require-directory;2.1.1;MIT;permissive;https://www.npmjs.com/package/require-directory
Outil de construction;require-from-string;2.0.2;MIT;permissive;https://www.npmjs.com/package/require-from-string
Outil de construction;require-main-filename;2.0.0;ISC;permissive;https://www.npmjs.com/package/require-main-filename
Outil de construction;resolve-from;4.0.0;MIT;permissive;https://www.npmjs.com/package/resolve-from
Outil de construction;rolldown;1.1.5;MIT;permissive;https://www.npmjs.com/package/rolldown
Outil de construction;rolldown;1.2.0;MIT;permissive;https://www.npmjs.com/package/rolldown
Outil de construction;rou3;0.8.1;MIT;permissive;https://www.npmjs.com/package/rou3
Outil de construction;semver;6.3.1;ISC;permissive;https://www.npmjs.com/package/semver
Outil de construction;semver;7.8.5;ISC;permissive;https://www.npmjs.com/package/semver
Outil de construction;set-blocking;2.0.0;ISC;permissive;https://www.npmjs.com/package/set-blocking
Outil de construction;shebang-command;2.0.0;MIT;permissive;https://www.npmjs.com/package/shebang-command
Outil de construction;shebang-regex;3.0.0;MIT;permissive;https://www.npmjs.com/package/shebang-regex
Outil de construction;source-map;0.7.6;BSD-3-Clause;permissive;https://www.npmjs.com/package/source-map
Outil de construction;source-map-js;1.2.2;BSD-3-Clause;permissive;https://www.npmjs.com/package/source-map-js
Outil de construction;srvx;0.11.22;MIT;permissive;https://www.npmjs.com/package/srvx
Outil de construction;string-width;4.2.3;MIT;permissive;https://www.npmjs.com/package/string-width
Outil de construction;strip-ansi;6.0.1;MIT;permissive;https://www.npmjs.com/package/strip-ansi
Outil de construction;strip-json-comments;3.1.1;MIT;permissive;https://www.npmjs.com/package/strip-json-comments
Outil de construction;supports-color;7.2.0;MIT;permissive;https://www.npmjs.com/package/supports-color
Outil de construction;synckit;0.11.13;MIT;permissive;https://www.npmjs.com/package/synckit
Outil de construction;tailwind-merge;3.6.0;MIT;permissive;https://www.npmjs.com/package/tailwind-merge
Outil de construction;tailwindcss;4.3.3;MIT;permissive;https://www.npmjs.com/package/tailwindcss
Outil de construction;tapable;2.3.3;MIT;permissive;https://www.npmjs.com/package/tapable
Outil de construction;tinyglobby;0.2.17;MIT;permissive;https://www.npmjs.com/package/tinyglobby
Outil de construction;ts-api-utils;2.5.0;MIT;permissive;https://www.npmjs.com/package/ts-api-utils
Outil de construction;tsconfck;3.1.6;MIT;permissive;https://www.npmjs.com/package/tsconfck
Outil de construction;tslib;1.14.1;0BSD;permissive;https://www.npmjs.com/package/tslib
Outil de construction;tslib;2.8.1;0BSD;permissive;https://www.npmjs.com/package/tslib
Outil de construction;tw-animate-css;1.4.0;MIT;permissive;https://www.npmjs.com/package/tw-animate-css
Outil de construction;type-check;0.4.0;MIT;permissive;https://www.npmjs.com/package/type-check
Outil de construction;typescript;5.9.3;Apache-2.0;permissive;https://www.npmjs.com/package/typescript
Outil de construction;typescript-eslint;8.65.0;MIT;permissive;https://www.npmjs.com/package/typescript-eslint
Outil de construction;ufo;1.6.4;MIT;permissive;https://www.npmjs.com/package/ufo
Outil de construction;undici-types;6.21.0;MIT;permissive;https://www.npmjs.com/package/undici-types
Outil de construction;unplugin;3.3.0;MIT;permissive;https://www.npmjs.com/package/unplugin
Outil de construction;update-browserslist-db;1.2.3;MIT;permissive;https://www.npmjs.com/package/update-browserslist-db
Outil de construction;uri-js;4.4.1;BSD-2-Clause;permissive;https://www.npmjs.com/package/uri-js
Outil de construction;use-callback-ref;1.3.3;MIT;permissive;https://www.npmjs.com/package/use-callback-ref
Outil de construction;use-sidecar;1.1.3;MIT;permissive;https://www.npmjs.com/package/use-sidecar
Outil de construction;vaul;1.1.2;MIT;permissive;https://www.npmjs.com/package/vaul
Outil de construction;vite;8.1.5;MIT;permissive;https://www.npmjs.com/package/vite
Outil de construction;vite-tsconfig-paths;6.1.1;MIT;permissive;https://www.npmjs.com/package/vite-tsconfig-paths
Outil de construction;vitefu;1.1.3;MIT;permissive;https://www.npmjs.com/package/vitefu
Outil de construction;webpack-virtual-modules;0.6.2;MIT;permissive;https://www.npmjs.com/package/webpack-virtual-modules
Outil de construction;which;2.0.2;ISC;permissive;https://www.npmjs.com/package/which
Outil de construction;which-module;2.0.1;ISC;permissive;https://www.npmjs.com/package/which-module
Outil de construction;word-wrap;1.2.5;MIT;permissive;https://www.npmjs.com/package/word-wrap
Outil de construction;wrap-ansi;6.2.0;MIT;permissive;https://www.npmjs.com/package/wrap-ansi
Outil de construction;xmlbuilder2;4.0.3;MIT;permissive;https://www.npmjs.com/package/xmlbuilder2
Outil de construction;y18n;4.0.3;ISC;permissive;https://www.npmjs.com/package/y18n
Outil de construction;yallist;3.1.1;ISC;permissive;https://www.npmjs.com/package/yallist
Outil de construction;yargs;15.4.1;MIT;permissive;https://www.npmjs.com/package/yargs
Outil de construction;yargs-parser;18.1.3;ISC;permissive;https://www.npmjs.com/package/yargs-parser
Outil de construction;yocto-queue;0.1.0;MIT;permissive;https://www.npmjs.com/package/yocto-queue
Outil de construction;zod;4.4.3;MIT;permissive;https://www.npmjs.com/package/zod
